PairID,Pred_Score
hau_train_00001,0.8321364068659932
hau_train_00002,0.5698843079477748
hau_train_00003,0.5716672554883245
hau_train_00004,0.5821051762566559
hau_train_00005,0.6668579062323599
hau_train_00006,0.8060940078941594
hau_train_00007,0.6261240086517128
hau_train_00008,0.7743251497497327
hau_train_00009,0.6258721102217966
hau_train_00010,0.6679920927670472
hau_train_00011,0.7535883108613639
hau_train_00012,0.6414224578458443
hau_train_00013,0.4789495733568127
hau_train_00014,0.5894269355079464
hau_train_00015,0.6691000353502035
hau_train_00016,0.5941389871242633
hau_train_00017,0.8524854009921081
hau_train_00018,0.7187341345871312
hau_train_00019,0.6566519759569158
hau_train_00020,0.6828908716620139
hau_train_00021,0.5460965925917627
hau_train_00022,0.5189928414867621
hau_train_00023,0.7952947403207131
hau_train_00024,0.8364508812474656
hau_train_00025,0.6142758490773776
hau_train_00026,0.6239466128162376
hau_train_00027,0.5933140010799232
hau_train_00028,0.6577276549856339
hau_train_00029,0.8484103649654481
hau_train_00030,0.8468853158224793
hau_train_00031,0.6765541855107244
hau_train_00032,0.8469146613103464
hau_train_00033,0.7235397038668585
hau_train_00034,0.6164341515772909
hau_train_00035,0.5787740878041436
hau_train_00036,0.7624537900999355
hau_train_00037,0.6463811594935347
hau_train_00038,0.7155224713022308
hau_train_00039,0.7168763028403027
hau_train_00040,0.7324065012327463
hau_train_00041,0.7470216603166515
hau_train_00042,0.7032569474179554
hau_train_00043,0.500916321653402
hau_train_00044,0.6775302793085838
hau_train_00045,0.4442849459349436
hau_train_00046,0.5896753033678961
hau_train_00047,0.5686732807232479
hau_train_00048,0.7116103765570622
hau_train_00049,0.6286415412167907
hau_train_00050,0.7823772252450045
hau_train_00051,0.7805069706794936
hau_train_00052,0.6602185428109051
hau_train_00053,0.47244074396770935
hau_train_00054,0.6490114964817015
hau_train_00055,0.6581687805329614
hau_train_00056,0.7888592639754457
hau_train_00057,0.5086198498967367
hau_train_00058,0.655860429384777
hau_train_00059,0.7232200151631023
hau_train_00060,0.7470762399202984
hau_train_00061,0.7179403887903449
hau_train_00062,0.6229524600790344
hau_train_00063,0.7843689470365114
hau_train_00064,0.7261802715052048
hau_train_00065,0.6096543267771014
hau_train_00066,0.6116857631059407
hau_train_00067,0.552097735686534
hau_train_00068,0.6395770114133079
hau_train_00069,0.7040325140916535
hau_train_00070,0.754601101239497
hau_train_00071,0.7942818020926636
hau_train_00072,0.7104044093809421
hau_train_00073,0.6657100088867716
hau_train_00074,0.6334997592779967
hau_train_00075,0.6959493701125317
hau_train_00076,0.6026646789162204
hau_train_00077,0.6519942463479633
hau_train_00078,0.8271365521540699
hau_train_00079,0.8166751668376229
hau_train_00080,0.8233274907091758
hau_train_00081,0.7073915747201697
hau_train_00082,0.8062387761010386
hau_train_00083,0.6418173387450361
hau_train_00084,0.5632717931230609
hau_train_00085,0.5435027279129228
hau_train_00086,0.7575065940304007
hau_train_00087,0.40391959120041554
hau_train_00088,0.6879087298269191
hau_train_00089,0.6208266458010561
hau_train_00090,0.8140777092555849
hau_train_00091,0.7653198741324375
hau_train_00092,0.725147810746361
hau_train_00093,0.7933883915223633
hau_train_00094,0.6930524458506088
hau_train_00095,0.6557741938419555
hau_train_00096,0.9083683699205438
hau_train_00097,0.5693706321723715
hau_train_00098,0.779435162155105
hau_train_00099,0.7226156552222783
hau_train_00100,0.6518397662469635
hau_train_00101,0.7601081057185071
hau_train_00102,0.7427561880210206
hau_train_00103,0.5714914840781404
hau_train_00104,0.6869758707448271
hau_train_00105,0.5177656002420975
hau_train_00106,0.7796924181281014
hau_train_00107,0.6955304981738245
hau_train_00108,0.6717607110989121
hau_train_00109,0.8096355474484909
hau_train_00110,0.5552363220730195
hau_train_00111,0.7467546994698262
hau_train_00112,0.7558698542632326
hau_train_00113,0.7186282460097604
hau_train_00114,0.5412454441552186
hau_train_00115,0.7370514505600965
hau_train_00116,0.7173906735222846
hau_train_00117,0.7815092874193401
hau_train_00118,0.6363464555945234
hau_train_00119,0.7520482286421335
hau_train_00120,0.5757494786494415
hau_train_00121,0.6713344488785589
hau_train_00122,0.5047147970541126
hau_train_00123,0.8603055948349183
hau_train_00124,0.731028984642058
hau_train_00125,0.6571743283360731
hau_train_00126,0.7333695281674418
hau_train_00127,0.6522326432315532
hau_train_00128,0.6370816308062252
hau_train_00129,0.8039240812929267
hau_train_00130,0.6307979038691486
hau_train_00131,0.8271862074021805
hau_train_00132,0.725417557942847
hau_train_00133,0.7441016433410701
hau_train_00134,0.5525419971982941
hau_train_00135,0.6909511470463212
hau_train_00136,0.799026172517791
hau_train_00137,0.6052295843836876
hau_train_00138,0.7832177309673658
hau_train_00139,0.5999533513487136
hau_train_00140,0.5865157415908338
hau_train_00141,0.7533521441930033
hau_train_00142,0.7747998529574687
hau_train_00143,0.6967311777667033
hau_train_00144,0.7312808690643455
hau_train_00145,0.5222453045067955
hau_train_00146,0.6633057822451318
hau_train_00147,0.7167908794200418
hau_train_00148,0.49293711807606677
hau_train_00149,0.8040121696061191
hau_train_00150,0.6358089065358263
hau_train_00151,0.5576317741507452
hau_train_00152,0.7423834987358915
hau_train_00153,0.6404298863018372
hau_train_00154,0.7086733543137729
hau_train_00155,0.7887122445673354
hau_train_00156,0.6243620351432745
hau_train_00157,0.7162625088837219
hau_train_00158,0.7439049232677937
hau_train_00159,0.7469543891025654
hau_train_00160,0.4854642045270138
hau_train_00161,0.6481887890017644
hau_train_00162,0.6987912706933399
hau_train_00163,0.8084595392234163
hau_train_00164,0.7185396044335263
hau_train_00165,0.652573041149417
hau_train_00166,0.652336564092738
hau_train_00167,0.4209947130135638
hau_train_00168,0.8416845164810467
hau_train_00169,0.7840122098740523
hau_train_00170,0.5277668109891098
hau_train_00171,0.7021851202428706
hau_train_00172,0.7544820695207007
hau_train_00173,0.6805879641145578
hau_train_00174,0.682655590825689
hau_train_00175,0.6365615297392422
hau_train_00176,0.7886546106773759
hau_train_00177,0.7002373292207063
hau_train_00178,0.7367085011676976
hau_train_00179,0.6795298541194631
hau_train_00180,0.6754367470278182
hau_train_00181,0.7014365439940227
hau_train_00182,0.7293710919516302
hau_train_00183,0.6484365958706743
hau_train_00184,0.6590206016967695
hau_train_00185,0.5442427884368953
hau_train_00186,0.7562172760481924
hau_train_00187,0.7074410172297856
hau_train_00188,0.6163625787065987
hau_train_00189,0.6307232405642808
hau_train_00190,0.7669860354545159
hau_train_00191,0.7917652274165812
hau_train_00192,0.6966075661790148
hau_train_00193,0.5946512683584781
hau_train_00194,0.7694987259441713
hau_train_00195,0.7684732834958481
hau_train_00196,0.7322006964763906
hau_train_00197,0.7921628469884969
hau_train_00198,0.784247231806541
hau_train_00199,0.6927139933331956
hau_train_00200,0.5132745824055597
hau_train_00201,0.6977629299291831
hau_train_00202,0.4584905227103233
hau_train_00203,0.71535249724088
hau_train_00204,0.6536227511716579
hau_train_00205,0.6818980425228129
hau_train_00206,0.71346586387114
hau_train_00207,0.7568793109516377
hau_train_00208,0.5324154357459912
hau_train_00209,0.5229304712615774
hau_train_00210,0.7281951271625688
hau_train_00211,1.0000000000000002
hau_train_00212,0.8478839597788266
hau_train_00213,0.8503711225515413
hau_train_00214,0.6423493074076977
hau_train_00215,0.7954356814177538
hau_train_00216,0.749829993808415
hau_train_00217,0.731951138890766
hau_train_00218,0.7392519174877581
hau_train_00219,0.818270497664586
hau_train_00220,0.663189525069165
hau_train_00221,0.7823568199733199
hau_train_00222,0.7519251890265599
hau_train_00223,0.6091947377635933
hau_train_00224,0.7585147841548822
hau_train_00225,0.4865998972127161
hau_train_00226,0.6159022004217733
hau_train_00227,0.7341606281925817
hau_train_00228,0.7722149770684622
hau_train_00229,0.6083098689115156
hau_train_00230,0.7925187304768175
hau_train_00231,0.7866485188085055
hau_train_00232,0.6831841281026931
hau_train_00233,0.6707086851428947
hau_train_00234,0.6961766875343307
hau_train_00235,0.5163347968668486
hau_train_00236,0.7241025128339011
hau_train_00237,0.7559617801893923
hau_train_00238,0.7126402237830513
hau_train_00239,0.5937781874549506
hau_train_00240,0.5486522946516595
hau_train_00241,0.57955152581814
hau_train_00242,0.6466526392124168
hau_train_00243,0.7744751864311767
hau_train_00244,0.663694479201117
hau_train_00245,0.6395248607959791
hau_train_00246,0.6672178356179295
hau_train_00247,0.6358798272215498
hau_train_00248,0.6773567113942766
hau_train_00249,0.64791606334979
hau_train_00250,0.46403045117349184
hau_train_00251,0.7530022734835324
hau_train_00252,0.6178485789151791
hau_train_00253,0.7327089048224292
hau_train_00254,0.8477322943085915
hau_train_00255,0.47427038938305727
hau_train_00256,0.7243550021447065
hau_train_00257,0.6811509491976332
hau_train_00258,0.5716725050536894
hau_train_00259,0.5877922511801967
hau_train_00260,0.7949619734045973
hau_train_00261,0.7602056421361754
hau_train_00262,0.7271092486062768
hau_train_00263,0.7313133652137049
hau_train_00264,0.5825649225475285
hau_train_00265,0.7469942101947135
hau_train_00266,0.7238365143364249
hau_train_00267,0.5930758295219991
hau_train_00268,0.8100227235550908
hau_train_00269,0.6983396990801087
hau_train_00270,0.7819727915386161
hau_train_00271,0.5337168347044747
hau_train_00272,0.5600861209503608
hau_train_00273,0.6588419884084349
hau_train_00274,0.7833781518894003
hau_train_00275,0.7072653907302362
hau_train_00276,0.733552657318963
hau_train_00277,0.8143989140006987
hau_train_00278,0.5992959649389555
hau_train_00279,0.7544615470977153
hau_train_00280,0.7658978078619096
hau_train_00281,0.7280147449809657
hau_train_00282,0.9104899687519487
hau_train_00283,0.8177227175112042
hau_train_00284,0.6803598995485536
hau_train_00285,0.7390019255380758
hau_train_00286,0.7073554157743159
hau_train_00287,0.7077819076068871
hau_train_00288,0.6867033191645249
hau_train_00289,0.7367321583088676
hau_train_00290,0.5613829664187358
hau_train_00291,0.5186559223469119
hau_train_00292,0.7716258116453023
hau_train_00293,0.6301197798336283
hau_train_00294,0.5298521644740557
hau_train_00295,0.7331442114688094
hau_train_00296,0.651798895980318
hau_train_00297,0.6143095312882824
hau_train_00298,0.7238818261149851
hau_train_00299,0.8048601489294702
hau_train_00300,0.8455882915672888
hau_train_00301,0.6424928752430209
hau_train_00302,0.7759683591889939
hau_train_00303,0.8152820918330375
hau_train_00304,0.6275930873711855
hau_train_00305,0.5733453731041938
hau_train_00306,0.6601492069676252
hau_train_00307,0.7010126558122802
hau_train_00308,0.9689113525173652
hau_train_00309,0.6910583301581125
hau_train_00310,0.6857968213613792
hau_train_00311,0.6761024672571925
hau_train_00312,0.6047737379934811
hau_train_00313,0.7102697434997194
hau_train_00314,0.7460299550684382
hau_train_00315,0.6322514186337388
hau_train_00316,0.7327846018301549
hau_train_00317,0.5532008180977136
hau_train_00318,0.5153639266471377
hau_train_00319,0.8126022843815371
hau_train_00320,0.7536059233941579
hau_train_00321,0.6567631411138617
hau_train_00322,0.7422470765770335
hau_train_00323,0.40263475500215906
hau_train_00324,0.6774682061037304
hau_train_00325,0.7014764505205455
hau_train_00326,0.6061754659423333
hau_train_00327,0.523885289588344
hau_train_00328,0.7250715938989716
hau_train_00329,0.5300751431745307
hau_train_00330,0.6335242520091143
hau_train_00331,0.6528626336110175
hau_train_00332,0.7009715018848839
hau_train_00333,0.6462965536399566
hau_train_00334,0.6699901805649637
hau_train_00335,0.6667073157883099
hau_train_00336,0.5981402427652973
hau_train_00337,0.7155835968346352
hau_train_00338,0.7319804557199412
hau_train_00339,0.6128464176778889
hau_train_00340,0.7102961950318845
hau_train_00341,0.6567602681010378
hau_train_00342,0.6261035609836504
hau_train_00343,0.7988375673800057
hau_train_00344,0.7565605948797446
hau_train_00345,0.5820958535772762
hau_train_00346,0.7032907592903613
hau_train_00347,0.44173447343758754
hau_train_00348,0.6766873744967339
hau_train_00349,0.6819642110602165
hau_train_00350,0.5891064050341013
hau_train_00351,0.6884798563302819
hau_train_00352,0.5596361406964232
hau_train_00353,0.616326118464444
hau_train_00354,0.6696260190176928
hau_train_00355,0.8454414171240104
hau_train_00356,0.5717946458042935
hau_train_00357,0.5432046308961576
hau_train_00358,0.7475761328952647
hau_train_00359,0.6040299355210366
hau_train_00360,0.6111719528640851
hau_train_00361,0.6361551024237133
hau_train_00362,0.6879677967056075
hau_train_00363,0.6390932144057078
hau_train_00364,0.5216640622097135
hau_train_00365,0.6676921927946255
hau_train_00366,0.6184719960368604
hau_train_00367,0.454199344328757
hau_train_00368,0.774368897639911
hau_train_00369,0.7444893896789491
hau_train_00370,0.8668027194723762
hau_train_00371,0.6803353824526814
hau_train_00372,0.6356265250248687
hau_train_00373,0.8163158857807384
hau_train_00374,0.7465951795592491
hau_train_00375,0.8571003928098919
hau_train_00376,0.6336528884062034
hau_train_00377,0.7534127828794812
hau_train_00378,0.6510754619432908
hau_train_00379,0.889215243897206
hau_train_00380,0.7252551117977739
hau_train_00381,0.7369797964581318
hau_train_00382,0.6746173305874565
hau_train_00383,0.6894363026837869
hau_train_00384,0.7645287027878415
hau_train_00385,0.5362678639941618
hau_train_00386,0.6957513180754283
hau_train_00387,0.7231151352089413
hau_train_00388,0.7830361625787166
hau_train_00389,0.7162366367815558
hau_train_00390,0.7883378742949099
hau_train_00391,0.687057568210871
hau_train_00392,0.8320113012174937
hau_train_00393,0.7605912184209092
hau_train_00394,0.6008025980134918
hau_train_00395,0.7478169911205824
hau_train_00396,0.6297826783677289
hau_train_00397,0.8062619658551557
hau_train_00398,0.620961402250873
hau_train_00399,0.644847894537226
hau_train_00400,0.6526358620937176
hau_train_00401,0.6893687363892564
hau_train_00402,0.7621405079101766
hau_train_00403,0.7939155436136973
hau_train_00404,0.7716435172827325
hau_train_00405,0.7921989342199383
hau_train_00406,0.765187849501103
hau_train_00407,0.7267461298505965
hau_train_00408,0.7288391244798655
hau_train_00409,0.7834483476008325
hau_train_00410,0.6454209538512797
hau_train_00411,0.6933537250323161
hau_train_00412,0.5440463667282139
hau_train_00413,0.6567221159127374
hau_train_00414,0.6983702929514458
hau_train_00415,0.782681922418502
hau_train_00416,0.6494682012736083
hau_train_00417,0.5482254568849604
hau_train_00418,0.74672144144981
hau_train_00419,0.6265145034700074
hau_train_00420,0.7418181979047722
hau_train_00421,0.6628598043701163
hau_train_00422,0.7234622001839657
hau_train_00423,0.7051306184188229
hau_train_00424,0.501416873412635
hau_train_00425,0.7229134730666488
hau_train_00426,0.6186473985859718
hau_train_00427,0.7215423734715983
hau_train_00428,0.9669653797222963
hau_train_00429,0.7526595057649382
hau_train_00430,0.587685487909662
hau_train_00431,0.743316581586337
hau_train_00432,0.679052773100931
hau_train_00433,0.7394275336507695
hau_train_00434,0.7451828795101578
hau_train_00435,0.7101109740152862
hau_train_00436,0.7989402467740829
hau_train_00437,0.6338597282595109
hau_train_00438,0.6855508322331897
hau_train_00439,0.5973313151184989
hau_train_00440,0.5918629809144469
hau_train_00441,0.8983938825170525
hau_train_00442,0.6462330988520321
hau_train_00443,0.6056433876651196
hau_train_00444,0.8047408238732254
hau_train_00445,0.700462969611838
hau_train_00446,0.7735024207978218
hau_train_00447,0.7092220660579764
hau_train_00448,0.7116198608158661
hau_train_00449,0.6874302027653971
hau_train_00450,0.5865653200895489
hau_train_00451,0.83375937417474
hau_train_00452,0.6909374909002741
hau_train_00453,0.8182383461665361
hau_train_00454,0.6904712358219673
hau_train_00455,0.7144241422051583
hau_train_00456,0.5989011162815847
hau_train_00457,0.6048487042809088
hau_train_00458,0.7527811100445959
hau_train_00459,0.8159243238436604
hau_train_00460,0.6126657773762983
hau_train_00461,0.7314540106665444
hau_train_00462,0.4626029409517819
hau_train_00463,0.7330456782420532
hau_train_00464,0.7553454010574221
hau_train_00465,0.6315306419703182
hau_train_00466,0.759253295553432
hau_train_00467,0.6900392958829928
hau_train_00468,0.567560440297216
hau_train_00469,0.7661228024299095
hau_train_00470,0.6616068816688471
hau_train_00471,0.6085632719921987
hau_train_00472,0.64581755154055
hau_train_00473,0.7592768832292612
hau_train_00474,0.679772080958074
hau_train_00475,0.6710202657039541
hau_train_00476,0.7939760024432574
hau_train_00477,0.7236254493693152
hau_train_00478,0.6101023984871764
hau_train_00479,0.8014153498001793
hau_train_00480,0.6952631354262693
hau_train_00481,0.7067154912276594
hau_train_00482,0.5863258728754925
hau_train_00483,0.6130508863427123
hau_train_00484,0.760733397226663
hau_train_00485,0.5668408715876323
hau_train_00486,0.7897149136110038
hau_train_00487,0.6477367780217814
hau_train_00488,0.7842599148622145
hau_train_00489,0.710497948867677
hau_train_00490,0.5623717736607236
hau_train_00491,0.8005389764888016
hau_train_00492,0.7554647591288772
hau_train_00493,0.7585578856887556
hau_train_00494,0.5720831969382438
hau_train_00495,0.6192646175060326
hau_train_00496,0.6230314004620211
hau_train_00497,0.8897069693305106
hau_train_00498,0.7451666160218177
hau_train_00499,0.7592159545978584
hau_train_00500,0.6629610975222042
hau_train_00501,0.702070038036576
hau_train_00502,0.6126910366407915
hau_train_00503,0.8039978694110885
hau_train_00504,0.7726431909621732
hau_train_00505,0.5974625654349801
hau_train_00506,0.6297322499787114
hau_train_00507,0.6475859663199413
hau_train_00508,0.6093695447458137
hau_train_00509,0.5659995009527127
hau_train_00510,0.7637336423004958
hau_train_00511,0.7275022633241728
hau_train_00512,0.7319391425452128
hau_train_00513,0.8238377887572512
hau_train_00514,0.7549944198366823
hau_train_00515,0.6972869510938855
hau_train_00516,0.6040501429636852
hau_train_00517,0.6621201107342314
hau_train_00518,0.6096721308519794
hau_train_00519,0.6078772118284674
hau_train_00520,0.5382691938009381
hau_train_00521,0.466467958293997
hau_train_00522,0.6699159438131082
hau_train_00523,0.6838137013556396
hau_train_00524,0.8700403733024856
hau_train_00525,0.6255499045512047
hau_train_00526,0.5995320508673698
hau_train_00527,0.549814946245061
hau_train_00528,0.5002019001130911
hau_train_00529,0.5452342720718728
hau_train_00530,0.6400801719940818
hau_train_00531,0.7004438552478994
hau_train_00532,0.7054437909640772
hau_train_00533,0.6717475434263351
hau_train_00534,0.6619595842516826
hau_train_00535,0.6645215248326628
hau_train_00536,0.8161066534435297
hau_train_00537,0.6324760031953334
hau_train_00538,0.497693102754765
hau_train_00539,0.699760137223328
hau_train_00540,0.8133389087380468
hau_train_00541,0.800042715026053
hau_train_00542,0.6738893914357651
hau_train_00543,0.7050755255323351
hau_train_00544,0.5989201843487131
hau_train_00545,0.6692792762830613
hau_train_00546,0.7385398409237987
hau_train_00547,0.7210574134861762
hau_train_00548,0.7414407688300425
hau_train_00549,0.5181673404996475
hau_train_00550,0.6205969057293161
hau_train_00551,0.7101968173380395
hau_train_00552,0.44408353741352413
hau_train_00553,0.7706592997299295
hau_train_00554,0.7392243186440046
hau_train_00555,0.7535923808331398
hau_train_00556,0.682389497746541
hau_train_00557,0.5232764659279017
hau_train_00558,0.7288266687702689
hau_train_00559,0.7748391628940865
hau_train_00560,0.6089404208300939
hau_train_00561,0.6684900251653787
hau_train_00562,0.5790678640615841
hau_train_00563,0.630600134454948
hau_train_00564,0.5332904766141868
hau_train_00565,0.7001383991740311
hau_train_00566,0.6962641238703507
hau_train_00567,0.7351617793565427
hau_train_00568,0.7072277049540479
hau_train_00569,0.7534795896658704
hau_train_00570,0.744635801487827
hau_train_00571,0.6811518178221267
hau_train_00572,0.6362540327666196
hau_train_00573,0.6844018482131062
hau_train_00574,0.6819528542394733
hau_train_00575,0.6333558248080173
hau_train_00576,0.5749289108094848
hau_train_00577,0.7069961734615796
hau_train_00578,0.586534987775176
hau_train_00579,0.7791118115573071
hau_train_00580,0.7934531781911487
hau_train_00581,0.6996279829321563
hau_train_00582,0.800396622516167
hau_train_00583,0.6519053432439845
hau_train_00584,0.6030402339037302
hau_train_00585,0.8778542495995578
hau_train_00586,0.5211762964851452
hau_train_00587,0.7955059757141627
hau_train_00588,0.7458729958671373
hau_train_00589,0.7519927666013176
hau_train_00590,0.6679618799389998
hau_train_00591,0.7100752500985099
hau_train_00592,0.7209541535366966
hau_train_00593,0.69374732725685
hau_train_00594,0.8164085353388113
hau_train_00595,0.5252043850988205
hau_train_00596,0.8221971586750217
hau_train_00597,0.6273390466616249
hau_train_00598,0.7027493429021804
hau_train_00599,0.608735161158837
hau_train_00600,0.5789876863051666
hau_train_00601,0.7017577003474376
hau_train_00602,0.7418725615429844
hau_train_00603,0.6596175321873801
hau_train_00604,0.6210709148989978
hau_train_00605,0.7032682940139463
hau_train_00606,0.6982559660030455
hau_train_00607,0.5847448170699716
hau_train_00608,0.7728756284670737
hau_train_00609,0.7505587871810199
hau_train_00610,0.756673397572542
hau_train_00611,0.7176753479050842
hau_train_00612,0.8101973054371592
hau_train_00613,0.534207668700929
hau_train_00614,0.7305363196516388
hau_train_00615,0.6124751180077336
hau_train_00616,0.817091716244885
hau_train_00617,0.6108582667961371
hau_train_00618,0.6550107801862604
hau_train_00619,0.7954210461414694
hau_train_00620,0.5669600696005197
hau_train_00621,0.773740324451768
hau_train_00622,0.6399451386088129
hau_train_00623,0.8372147113072077
hau_train_00624,0.7886644766445488
hau_train_00625,0.7839690886008577
hau_train_00626,0.7218399122697181
hau_train_00627,0.7930543648460763
hau_train_00628,0.567693372420526
hau_train_00629,0.7167429783932385
hau_train_00630,0.6886395856278416
hau_train_00631,0.5731729865291182
hau_train_00632,0.7408701964453426
hau_train_00633,0.6743454347389832
hau_train_00634,0.6464944742838252
hau_train_00635,0.6764172799373146
hau_train_00636,0.7772836214341554
hau_train_00637,0.6411042952850368
hau_train_00638,0.8021562992228128
hau_train_00639,0.7401838858841879
hau_train_00640,0.7289838998738529
hau_train_00641,0.6994845286555329
hau_train_00642,0.5840825121539638
hau_train_00643,0.6669263285911818
hau_train_00644,0.8053218667110456
hau_train_00645,0.4526134349674645
hau_train_00646,0.6438534268525954
hau_train_00647,0.5948736353694299
hau_train_00648,0.7444111487934217
hau_train_00649,0.6012568530973972
hau_train_00650,0.7759552811846762
hau_train_00651,0.6217950605214915
hau_train_00652,0.7041249176991025
hau_train_00653,0.7928929537029956
hau_train_00654,0.633876659788764
hau_train_00655,0.7207130145207326
hau_train_00656,0.7587284330708144
hau_train_00657,0.7258724832001779
hau_train_00658,0.7019940855928757
hau_train_00659,0.6752212430458766
hau_train_00660,0.4803576773469044
hau_train_00661,0.6701041284114408
hau_train_00662,0.698553215798929
hau_train_00663,0.585529119633226
hau_train_00664,0.5061844676664474
hau_train_00665,0.6281910243800972
hau_train_00666,0.6595833951782073
hau_train_00667,0.5348126109209375
hau_train_00668,0.6030749015274521
hau_train_00669,0.7892394220362308
hau_train_00670,0.6890042398304288
hau_train_00671,0.8246021848999806
hau_train_00672,0.5427765924978504
hau_train_00673,0.6317799651838953
hau_train_00674,0.7263925634291041
hau_train_00675,0.6722583810986352
hau_train_00676,0.6425527293010704
hau_train_00677,0.6505130792123399
hau_train_00678,0.7218319157034908
hau_train_00679,0.7505242946993396
hau_train_00680,0.8080423899713873
hau_train_00681,0.761530053055261
hau_train_00682,0.7472634623289569
hau_train_00683,0.7765526833246743
hau_train_00684,0.6003628346332399
hau_train_00685,0.8425233751276581
hau_train_00686,0.609248599342912
hau_train_00687,0.7989754867676053
hau_train_00688,0.5312909587152066
hau_train_00689,0.7259632295821228
hau_train_00690,0.620247008098045
hau_train_00691,0.637220042770185
hau_train_00692,0.6230605445433479
hau_train_00693,0.6616440119589089
hau_train_00694,0.7563816855307701
hau_train_00695,0.6766975993916191
hau_train_00696,0.7226375534205133
hau_train_00697,0.6704007644320471
hau_train_00698,0.7333525721172109
hau_train_00699,0.6806094891367882
hau_train_00700,0.6651625684366566
hau_train_00701,0.6797638581313316
hau_train_00702,0.6211726244095224
hau_train_00703,0.7359707136565725
hau_train_00704,0.6892167355640811
hau_train_00705,0.7902892670524929
hau_train_00706,0.7410522814152971
hau_train_00707,0.701564386898488
hau_train_00708,0.6872372367911939
hau_train_00709,0.6290569763933411
hau_train_00710,0.6097299296147322
hau_train_00711,0.8425726163446248
hau_train_00712,0.7984677951330097
hau_train_00713,0.6014262013957611
hau_train_00714,0.6565332046084835
hau_train_00715,0.5952980326186658
hau_train_00716,0.7988739314900146
hau_train_00717,0.6582859264593952
hau_train_00718,0.7110762023881101
hau_train_00719,0.5291166009186405
hau_train_00720,0.7929603492320251
hau_train_00721,0.8290516099792653
hau_train_00722,0.6740017315657989
hau_train_00723,0.702210293003299
hau_train_00724,0.6527113626436093
hau_train_00725,0.7072174841957948
hau_train_00726,0.6722621268644472
hau_train_00727,0.6235129998408173
hau_train_00728,0.8043350994147882
hau_train_00729,0.6510005641507473
hau_train_00730,0.6528518725236622
hau_train_00731,0.7232688725581433
hau_train_00732,0.6567295988678413
hau_train_00733,0.8095175163027255
hau_train_00734,0.6175624124128825
hau_train_00735,0.40867818192123756
hau_train_00736,0.8783997288451371
hau_train_00737,0.5789893532812924
hau_train_00738,0.7052124787972718
hau_train_00739,0.6816731529504592
hau_train_00740,0.7148677361791371
hau_train_00741,0.6451542911618683
hau_train_00742,0.7933429142982997
hau_train_00743,0.6340795866893527
hau_train_00744,0.8032613655734623
hau_train_00745,0.7379902205799033
hau_train_00746,0.6368801052734383
hau_train_00747,0.584049362730244
hau_train_00748,0.7450632204738739
hau_train_00749,0.6056473936594582
hau_train_00750,0.5340361160242654
hau_train_00751,0.5715967551065275
hau_train_00752,0.8287159411587078
hau_train_00753,0.5601282425431868
hau_train_00754,0.5947340756473983
hau_train_00755,0.5492565983930364
hau_train_00756,0.779581988631259
hau_train_00757,0.5879042624708612
hau_train_00758,0.6144950747368458
hau_train_00759,0.7665448190239088
hau_train_00760,0.690326964009466
hau_train_00761,0.6398845526381498
hau_train_00762,0.6525893604408535
hau_train_00763,0.8244039445159288
hau_train_00764,0.7462184475252163
hau_train_00765,0.6340653275540389
hau_train_00766,0.6231324385561352
hau_train_00767,0.7871794700487065
hau_train_00768,0.5814634483208939
hau_train_00769,0.5381141395471212
hau_train_00770,0.6666025284136541
hau_train_00771,0.8642849714900378
hau_train_00772,0.7528415473493825
hau_train_00773,0.7219154050063266
hau_train_00774,0.5790461419129931
hau_train_00775,0.537680114663935
hau_train_00776,0.6381871638826362
hau_train_00777,0.6921879015490049
hau_train_00778,0.7466042136533408
hau_train_00779,0.6981930039859973
hau_train_00780,0.7092156169246189
hau_train_00781,0.725289163503837
hau_train_00782,0.7632551915275841
hau_train_00783,0.746255722057699
hau_train_00784,0.5910474655287912
hau_train_00785,0.6912708589444019
hau_train_00786,0.6081700157374541
hau_train_00787,0.6168377244226744
hau_train_00788,0.8068303013125361
hau_train_00789,0.7050981321275253
hau_train_00790,0.6938658978093523
hau_train_00791,0.7469933021222833
hau_train_00792,0.6924207327624261
hau_train_00793,0.7125068517719465
hau_train_00794,0.7597037608756279
hau_train_00795,0.7809548623651983
hau_train_00796,0.6353478408578024
hau_train_00797,0.679215720314208
hau_train_00798,0.6781714575030322
hau_train_00799,0.7068119462169268
hau_train_00800,0.6762277237736652
hau_train_00801,0.736428756009035
hau_train_00802,0.7163408006519709
hau_train_00803,0.6692512048867296
hau_train_00804,0.6047496641142043
hau_train_00805,0.6281605591488949
hau_train_00806,0.6125143922779479
hau_train_00807,0.5927164600379375
hau_train_00808,0.7626728781655726
hau_train_00809,0.5603994176120758
hau_train_00810,0.6268832024974825
hau_train_00811,0.7858270864249446
hau_train_00812,0.548406328347063
hau_train_00813,0.7330725346024324
hau_train_00814,0.611941849753425
hau_train_00815,0.7337741870253158
hau_train_00816,0.7042223351356558
hau_train_00817,0.6520522506117348
hau_train_00818,0.5991526494099584
hau_train_00819,0.7908466219829088
hau_train_00820,0.7061255362822071
hau_train_00821,0.6259609471914315
hau_train_00822,0.6619836116158473
hau_train_00823,0.6817921344860062
hau_train_00824,0.7338009152988987
hau_train_00825,0.5064602415136923
hau_train_00826,0.6469246450644712
hau_train_00827,0.7002034703223802
hau_train_00828,0.6468481722122812
hau_train_00829,0.656097219496223
hau_train_00830,0.7870164287452366
hau_train_00831,0.831660987506273
hau_train_00832,0.6623901906545787
hau_train_00833,0.7614347884758449
hau_train_00834,0.7861589877575434
hau_train_00835,0.5120120867963112
hau_train_00836,0.5611763361324758
hau_train_00837,0.6181462435216135
hau_train_00838,0.6889304744941839
hau_train_00839,0.6812087077242128
hau_train_00840,0.683436271543772
hau_train_00841,0.6185121939813653
hau_train_00842,0.7415792669274273
hau_train_00843,0.6313502282203464
hau_train_00844,0.7262776499451402
hau_train_00845,0.7016333937427024
hau_train_00846,0.8782983230989783
hau_train_00847,0.7153570031535494
hau_train_00848,0.629480373779062
hau_train_00849,0.7027252689442682
hau_train_00850,0.8272616541591795
hau_train_00851,0.7309038571620722
hau_train_00852,0.6924819460409685
hau_train_00853,0.6868286837731452
hau_train_00854,0.7337669731638449
hau_train_00855,0.5260816293431663
hau_train_00856,0.8030468290723889
hau_train_00857,0.8059210750384582
hau_train_00858,0.7561832343504393
hau_train_00859,0.6823578092898024
hau_train_00860,0.7564831523869937
hau_train_00861,0.7177118573687109
hau_train_00862,0.8054581450233609
hau_train_00863,0.6281289550538502
hau_train_00864,0.7319035897735591
hau_train_00865,0.6612491194297427
hau_train_00866,0.7005535481787528
hau_train_00867,0.7463824528543457
hau_train_00868,0.5547353358792974
hau_train_00869,0.79514931218076
hau_train_00870,0.7069632858771173
hau_train_00871,0.6741343294792599
hau_train_00872,0.7154216111717555
hau_train_00873,0.5967432363229519
hau_train_00874,0.6947681708520579
hau_train_00875,0.6193999238265173
hau_train_00876,0.7592937352587237
hau_train_00877,0.7828381818801189
hau_train_00878,0.6345973704357395
hau_train_00879,0.7412124843478873
hau_train_00880,0.7369789429880433
hau_train_00881,0.5909303947970393
hau_train_00882,0.6111560268856687
hau_train_00883,0.5227072997083955
hau_train_00884,0.5197330536156481
hau_train_00885,0.6084577818129766
hau_train_00886,0.7332386480017516
hau_train_00887,0.542412552889028
hau_train_00888,0.7582350043758034
hau_train_00889,0.6548321256899535
hau_train_00890,0.739302305276683
hau_train_00891,0.751193961313017
hau_train_00892,0.6146951082912424
hau_train_00893,0.708404059104548
hau_train_00894,0.5511229182776
hau_train_00895,0.5985331939756562
hau_train_00896,0.6143485052701493
hau_train_00897,0.7008063652030128
hau_train_00898,0.4767786484730528
hau_train_00899,0.5959489704563279
hau_train_00900,0.7080968500135358
hau_train_00901,0.7488596756257473
hau_train_00902,0.7613606010819293
hau_train_00903,0.6806277718013274
hau_train_00904,0.5638301700302971
hau_train_00905,0.5291981489197839
hau_train_00906,0.7554085670359939
hau_train_00907,0.6250151150767682
hau_train_00908,0.8116459984007863
hau_train_00909,0.5900337403519038
hau_train_00910,0.658153206748209
hau_train_00911,0.598819681411597
hau_train_00912,0.6320921353305184
hau_train_00913,0.7017221537544003
hau_train_00914,0.5015129055107785
hau_train_00915,0.7274164064038139
hau_train_00916,0.7086951949302134
hau_train_00917,0.5284162597742836
hau_train_00918,0.6241904745466976
hau_train_00919,0.6854830965564809
hau_train_00920,0.6664419394430315
hau_train_00921,0.6576991461071193
hau_train_00922,0.6157992501921463
hau_train_00923,0.6770456937976408
hau_train_00924,0.647841717362828
hau_train_00925,0.6506076369105499
hau_train_00926,0.677914222272989
hau_train_00927,0.796775994525879
hau_train_00928,0.5838965925607583
hau_train_00929,0.6526583660305774
hau_train_00930,0.5070466010757424
hau_train_00931,0.8216915147337298
hau_train_00932,0.7284990810302203
hau_train_00933,0.7723958047294983
hau_train_00934,0.7216323970060288
hau_train_00935,0.7261913296253089
hau_train_00936,0.8176830693453805
hau_train_00937,0.8187953027388206
hau_train_00938,0.5965972308565599
hau_train_00939,0.48518890958421423
hau_train_00940,0.7694064418014619
hau_train_00941,0.6286223388151649
hau_train_00942,0.7575446713465659
hau_train_00943,0.6902208533077991
hau_train_00944,0.7095248171683761
hau_train_00945,0.8257450491208782
hau_train_00946,0.577445439094298
hau_train_00947,0.6836184636891426
hau_train_00948,0.8126965509077744
hau_train_00949,0.6584501759798351
hau_train_00950,0.8127761212490561
hau_train_00951,0.700963268652746
hau_train_00952,0.5869583326338408
hau_train_00953,0.6135752240449892
hau_train_00954,0.6345830601606823
hau_train_00955,0.7045355244712215
hau_train_00956,0.6228074667230509
hau_train_00957,0.6565161277120393
hau_train_00958,0.7707757648612569
hau_train_00959,0.8444074745778248
hau_train_00960,0.5028651633009547
hau_train_00961,0.613419653748698
hau_train_00962,0.704380215810284
hau_train_00963,0.7540617832915167
hau_train_00964,0.5764505753678392
hau_train_00965,0.6909807176020801
hau_train_00966,0.760421020257066
hau_train_00967,0.7187895580989311
hau_train_00968,0.7418589060954739
hau_train_00969,0.7979334925845739
hau_train_00970,0.6087836810894616
hau_train_00971,0.5690182896949499
hau_train_00972,0.4927889928234933
hau_train_00973,0.7081311768584738
hau_train_00974,0.6984031537277495
hau_train_00975,0.6953371878888485
hau_train_00976,0.6700045571053189
hau_train_00977,0.7733317210176262
hau_train_00978,0.685945944388434
hau_train_00979,0.7016137407825516
hau_train_00980,0.5903975181604149
hau_train_00981,0.702807797569155
hau_train_00982,0.5084842628072601
hau_train_00983,0.6642243560683516
hau_train_00984,0.5464082697452437
hau_train_00985,0.6647247557281035
hau_train_00986,0.528727760442615
hau_train_00987,0.6692205809093601
hau_train_00988,0.7327320936395701
hau_train_00989,0.8202420196928736
hau_train_00990,0.8290146612263599
hau_train_00991,0.7050509899370413
hau_train_00992,0.703465697867965
hau_train_00993,0.6409437663548682
hau_train_00994,0.6217174175360646
hau_train_00995,0.6837117451562233
hau_train_00996,0.6770263194220225
hau_train_00997,0.5705522292370058
hau_train_00998,0.5671891556253774
hau_train_00999,0.5996763484781852
hau_train_01000,0.591725778105321
hau_train_01001,0.6379166652005261
hau_train_01002,0.707417859230417
hau_train_01003,0.6753930450693834
hau_train_01004,0.8487455781312139
hau_train_01005,0.6446243907268003
hau_train_01006,0.6716012253384436
hau_train_01007,0.7004030615944583
hau_train_01008,0.6472619814032481
hau_train_01009,0.5644828955621896
hau_train_01010,0.6931680003636994
hau_train_01011,0.6686390148062663
hau_train_01012,0.7043037644383894
hau_train_01013,0.6707134957975067
hau_train_01014,0.6949302062123572
hau_train_01015,0.5828326398180236
hau_train_01016,0.6724965091072728
hau_train_01017,0.671756808970148
hau_train_01018,0.6805252078324112
hau_train_01019,0.6333297788410412
hau_train_01020,0.765681709873925
hau_train_01021,0.740807186427783
hau_train_01022,0.6874928606766852
hau_train_01023,0.9659530843332436
hau_train_01024,0.5153594073476351
hau_train_01025,0.6897706852506849
hau_train_01026,0.632079125587447
hau_train_01027,0.8668561144005718
hau_train_01028,0.7222243504359938
hau_train_01029,0.7841521924959871
hau_train_01030,0.7026156689602523
hau_train_01031,0.7839961763876884
hau_train_01032,0.7654749923283999
hau_train_01033,0.712869799163909
hau_train_01034,0.6698857068115041
hau_train_01035,0.6628101339091508
hau_train_01036,0.7372812132775033
hau_train_01037,0.6630815936400782
hau_train_01038,0.792413404833441
hau_train_01039,0.7700613719457416
hau_train_01040,0.6443414275247168
hau_train_01041,0.7311285358625618
hau_train_01042,0.8001123796459815
hau_train_01043,0.6213598681315935
hau_train_01044,0.5724573121589315
hau_train_01045,0.7048967863112496
hau_train_01046,0.7163046117706933
hau_train_01047,0.745369910600784
hau_train_01048,0.658784925395747
hau_train_01049,0.6480274180998343
hau_train_01050,0.7432925018631953
hau_train_01051,0.5280287584838051
hau_train_01052,0.7291322562645672
hau_train_01053,0.599913430288171
hau_train_01054,0.5609170002678583
hau_train_01055,0.3544111621106712
hau_train_01056,0.7238858567328137
hau_train_01057,0.7612908174987622
hau_train_01058,0.6338314651375901
hau_train_01059,0.5729897275415352
hau_train_01060,0.55476938369611
hau_train_01061,0.7703132466949133
hau_train_01062,0.6835391795698424
hau_train_01063,0.7520586567352294
hau_train_01064,0.7091997362630225
hau_train_01065,0.6033767313553093
hau_train_01066,0.6839345387738365
hau_train_01067,0.3448619464488449
hau_train_01068,0.5985563639569133
hau_train_01069,0.7409008462985714
hau_train_01070,0.70739869748101
hau_train_01071,0.5747848345962824
hau_train_01072,0.7179713290086506
hau_train_01073,0.7490617273364413
hau_train_01074,0.5726619359630419
hau_train_01075,0.6226742021521058
hau_train_01076,0.6355545107709641
hau_train_01077,0.5156829978042805
hau_train_01078,0.720500777397609
hau_train_01079,0.5773012106306848
hau_train_01080,0.7879190927234356
hau_train_01081,0.6824134263616937
hau_train_01082,0.6740656353563013
hau_train_01083,0.7955762473796937
hau_train_01084,0.7173561185721645
hau_train_01085,0.5419468964678743
hau_train_01086,0.8513843623428612
hau_train_01087,0.8508830720414109
hau_train_01088,0.7663173286248729
hau_train_01089,0.514785680631561
hau_train_01090,0.7140829304107941
hau_train_01091,0.6552933051488736
hau_train_01092,0.7358247783710798
hau_train_01093,0.6377135743552618
hau_train_01094,0.7422049369626547
hau_train_01095,0.5614658500237137
hau_train_01096,0.747532848884904
hau_train_01097,0.6444859531189059
hau_train_01098,0.7680768810778953
hau_train_01099,0.7000681870622845
hau_train_01100,0.6595910117764372
hau_train_01101,0.5784680353777432
hau_train_01102,0.6563692195519404
hau_train_01103,0.6983899875276818
hau_train_01104,0.6021521837339663
hau_train_01105,0.7367155871052408
hau_train_01106,0.5696250854527525
hau_train_01107,0.6937157138033714
hau_train_01108,0.744973700711962
hau_train_01109,0.623905793363412
hau_train_01110,0.7132547717684605
hau_train_01111,0.6376059930026463
hau_train_01112,0.6724301044923422
hau_train_01113,0.6985045944307067
hau_train_01114,0.6450771603521364
hau_train_01115,0.6551176288326654
hau_train_01116,0.752720636240096
hau_train_01117,0.6829910187510633
hau_train_01118,0.6548912142338505
hau_train_01119,0.5979104016948038
hau_train_01120,0.8678876339486311
hau_train_01121,0.7853053649027759
hau_train_01122,0.6326230649629734
hau_train_01123,0.6819128840622123
hau_train_01124,0.844340823200621
hau_train_01125,0.5105393760778867
hau_train_01126,0.8020312119209102
hau_train_01127,0.828987031398864
hau_train_01128,0.7783715026238267
hau_train_01129,0.6176181681749457
hau_train_01130,0.6865384791181433
hau_train_01131,0.6608418943792572
hau_train_01132,0.6013128983482263
hau_train_01133,0.650123305221423
hau_train_01134,0.6873740157633437
hau_train_01135,0.5987689005968526
hau_train_01136,0.8453323935878516
hau_train_01137,0.7658637744797416
hau_train_01138,0.7114453535459917
hau_train_01139,0.5868005667936061
hau_train_01140,0.6220596786738228
hau_train_01141,0.6597325746534914
hau_train_01142,0.9226313365284455
hau_train_01143,0.7216279074399423
hau_train_01144,0.6857761390512243
hau_train_01145,0.7214244072571577
hau_train_01146,0.614443333965655
hau_train_01147,0.8148500590311841
hau_train_01148,0.7594460202391494
hau_train_01149,0.672104886916671
hau_train_01150,0.6239743123234041
hau_train_01151,0.6840700206621633
hau_train_01152,0.586395254547939
hau_train_01153,0.6810357256237596
hau_train_01154,0.7144337169535808
hau_train_01155,0.5718496469601669
hau_train_01156,0.650006428621095
hau_train_01157,0.6884485259025785
hau_train_01158,0.5870999665414123
hau_train_01159,0.691056748864147
hau_train_01160,0.7807222098038186
hau_train_01161,0.7247732141652559
hau_train_01162,0.7834504524243225
hau_train_01163,0.5354263270133454
hau_train_01164,0.713737441313697
hau_train_01165,0.6385990380941333
hau_train_01166,0.8265966714160512
hau_train_01167,0.6080634200591413
hau_train_01168,0.6932215674180504
hau_train_01169,0.8137581848216295
hau_train_01170,0.5459675541837841
hau_train_01171,0.5479031867134978
hau_train_01172,0.6775605733282595
hau_train_01173,0.5696811627089138
hau_train_01174,0.6668059758479408
hau_train_01175,0.7078159217234445
hau_train_01176,0.7045268001606185
hau_train_01177,0.7114534309413487
hau_train_01178,0.8834567707806152
hau_train_01179,0.5987239195003382
hau_train_01180,0.7054459916689135
hau_train_01181,0.7066197957336287
hau_train_01182,0.5874962192035522
hau_train_01183,0.7442692613209498
hau_train_01184,0.6426960061568073
hau_train_01185,0.6947622894817249
hau_train_01186,0.6068750681923218
hau_train_01187,0.7431069872066836
hau_train_01188,0.6413577266372599
hau_train_01189,0.5637513565528178
hau_train_01190,0.7554220680517554
hau_train_01191,0.657203311419188
hau_train_01192,0.6869873412102989
hau_train_01193,0.6262009898877007
hau_train_01194,0.7111115200170091
hau_train_01195,0.8030961746971814
hau_train_01196,0.6645396127345577
hau_train_01197,0.7169477750741746
hau_train_01198,0.8021601280359951
hau_train_01199,0.6965234470784607
hau_train_01200,0.6765073027046411
hau_train_01201,0.7396495582250833
hau_train_01202,0.7756247659459938
hau_train_01203,0.6179842717706148
hau_train_01204,0.7210472097029211
hau_train_01205,0.6171105856962591
hau_train_01206,0.743646166963552
hau_train_01207,0.8305606773640695
hau_train_01208,0.5409605078802642
hau_train_01209,0.6929535208948884
hau_train_01210,0.6927267450739443
hau_train_01211,0.6262437334565802
hau_train_01212,0.5856494547368928
hau_train_01213,0.5820204698190479
hau_train_01214,0.6532608484101206
hau_train_01215,0.5702426812825865
hau_train_01216,0.7580284286541672
hau_train_01217,0.6970939463257606
hau_train_01218,0.41870443237282573
hau_train_01219,0.617888565884241
hau_train_01220,0.818669932610602
hau_train_01221,0.6160711925913681
hau_train_01222,0.6964101410062573
hau_train_01223,0.7816448032478651
hau_train_01224,0.64899221085525
hau_train_01225,0.6930649476719583
hau_train_01226,0.7137314850831653
hau_train_01227,0.7534677481898571
hau_train_01228,0.7409646083560791
hau_train_01229,0.687919258059259
hau_train_01230,0.4441929320291327
hau_train_01231,0.6309531449826069
hau_train_01232,0.7005010420814036
hau_train_01233,0.780454626002551
hau_train_01234,0.7348791372451916
hau_train_01235,0.70856800158662
hau_train_01236,0.661837824603532
hau_train_01237,0.5710646840994725
hau_train_01238,0.6440167877422751
hau_train_01239,0.7467183295895166
hau_train_01240,0.7320909592762106
hau_train_01241,0.7039630586544432
hau_train_01242,0.6856371575559846
hau_train_01243,0.4867636354994491
hau_train_01244,0.6929603589324322
hau_train_01245,0.7429264459944928
hau_train_01246,0.5336899019882645
hau_train_01247,0.749430822479735
hau_train_01248,0.6705548282188922
hau_train_01249,0.484855114293562
hau_train_01250,0.6252707798192304
hau_train_01251,0.7341229170160203
hau_train_01252,0.6727787188543017
hau_train_01253,0.7083781289216973
hau_train_01254,0.6768650494201498
hau_train_01255,0.6707629819068524
hau_train_01256,0.8254771930154247
hau_train_01257,0.6483548064606257
hau_train_01258,0.8129601992899225
hau_train_01259,0.6073974334835006
hau_train_01260,0.7485816155004712
hau_train_01261,0.7515523587317284
hau_train_01262,0.8191633609810093
hau_train_01263,0.5820917395087599
hau_train_01264,0.6650960761418324
hau_train_01265,0.5010202685129762
hau_train_01266,0.7078307817407312
hau_train_01267,0.6092186588365245
hau_train_01268,0.7568227063714272
hau_train_01269,0.6663422816682428
hau_train_01270,0.6150592174709897
hau_train_01271,0.7595449942051979
hau_train_01272,0.6976130391594443
hau_train_01273,0.6889893478883538
hau_train_01274,0.7520556952442239
hau_train_01275,0.6535880666646613
hau_train_01276,0.7635877913342335
hau_train_01277,0.6445403298725143
hau_train_01278,0.7382897710824909
hau_train_01279,0.7748882890329096
hau_train_01280,0.672152233139357
hau_train_01281,0.6624740277261795
hau_train_01282,0.7063151327960664
hau_train_01283,0.795510062843455
hau_train_01284,0.5904457067873692
hau_train_01285,0.699806428717251
hau_train_01286,0.580503270037856
hau_train_01287,0.7634007056442542
hau_train_01288,0.8148015021657682
hau_train_01289,0.794975881309976
hau_train_01290,0.7087374420724314
hau_train_01291,0.6839252025681495
hau_train_01292,0.7741010137511962
hau_train_01293,0.7282550207131692
hau_train_01294,0.7433321223403094
hau_train_01295,0.6244662256561173
hau_train_01296,0.6513187989393547
hau_train_01297,0.5993197764064941
hau_train_01298,0.8309050016610181
hau_train_01299,0.6726171324575965
hau_train_01300,0.5841726009606936
hau_train_01301,0.5810731314456359
hau_train_01302,0.6648941643181507
hau_train_01303,0.6896801601037501
hau_train_01304,0.6970771314978197
hau_train_01305,0.7519950871502781
hau_train_01306,0.7679266093216646
hau_train_01307,0.5771935397423156
hau_train_01308,0.5457449461137314
hau_train_01309,0.5937413507860123
hau_train_01310,0.7190535056844082
hau_train_01311,0.7680050516435867
hau_train_01312,0.6618091228877174
hau_train_01313,0.4486312343671778
hau_train_01314,0.7144208075616992
hau_train_01315,0.775955878566494
hau_train_01316,0.6617361092396215
hau_train_01317,0.8038393941909567
hau_train_01318,0.7422631816836125
hau_train_01319,0.6597218173982095
hau_train_01320,0.6867464761455538
hau_train_01321,0.6533140893406224
hau_train_01322,0.6112617612089262
hau_train_01323,0.6480072669900462
hau_train_01324,0.6562466840592082
hau_train_01325,0.6697938448416229
hau_train_01326,0.7719057540912619
hau_train_01327,0.6678504734584616
hau_train_01328,0.7662750043429836
hau_train_01329,0.5968778714510761
hau_train_01330,0.6897853833889949
hau_train_01331,0.63588968382406
hau_train_01332,0.7469677654387024
hau_train_01333,0.7396697604954634
hau_train_01334,0.6826667695057413
hau_train_01335,0.6403079662044064
hau_train_01336,0.7310164929332907
hau_train_01337,0.7558663238402206
hau_train_01338,0.7173704135029034
hau_train_01339,0.7091547307828181
hau_train_01340,0.5742439671537337
hau_train_01341,0.6117027132741205
hau_train_01342,0.8330553464866919
hau_train_01343,0.5458044690736693
hau_train_01344,0.5951419307256933
hau_train_01345,0.6336326282922077
hau_train_01346,0.8125316874960126
hau_train_01347,0.6761430840872898
hau_train_01348,0.7111916041138779
hau_train_01349,0.6428035817476898
hau_train_01350,0.6692409677279463
hau_train_01351,0.7244114146369534
hau_train_01352,0.7648550719417081
hau_train_01353,0.36056256759865546
hau_train_01354,0.6791134365838495
hau_train_01355,0.48950529096580286
hau_train_01356,0.7309835686183015
hau_train_01357,0.6671570917836169
hau_train_01358,0.5909299733525082
hau_train_01359,0.6365534370781001
hau_train_01360,0.7482756505021126
hau_train_01361,0.6482132527437399
hau_train_01362,0.7789231366622962
hau_train_01363,0.6231927478841572
hau_train_01364,0.8205813846647677
hau_train_01365,0.6070966330019969
hau_train_01366,0.5699761210555725
hau_train_01367,0.5904202440362245
hau_train_01368,0.7937885172279233
hau_train_01369,0.7892374300434488
hau_train_01370,0.6719454985971565
hau_train_01371,0.6784696147252312
hau_train_01372,0.7258596770375332
hau_train_01373,0.6081728294161632
hau_train_01374,0.6863061834962176
hau_train_01375,0.7347200183409978
hau_train_01376,0.8369871140178629
hau_train_01377,0.8389128478231996
hau_train_01378,0.7552548563625219
hau_train_01379,0.7128302039479097
hau_train_01380,0.5662723337454276
hau_train_01381,0.7637160499597744
hau_train_01382,0.7601776097684808
hau_train_01383,0.6309294409740589
hau_train_01384,0.3640433863942678
hau_train_01385,0.7079245030680397
hau_train_01386,0.6163047056994623
hau_train_01387,0.8273604728914903
hau_train_01388,0.6561285579015061
hau_train_01389,0.6407492158599604
hau_train_01390,0.6274660349788066
hau_train_01391,0.6957954601411319
hau_train_01392,0.7497226549419249
hau_train_01393,0.7861932593230014
hau_train_01394,0.8170109722183962
hau_train_01395,0.6447271751389922
hau_train_01396,0.5662946737493609
hau_train_01397,0.6701909327532813
hau_train_01398,0.6929609658875147
hau_train_01399,0.8045303157615034
hau_train_01400,0.513837457727901
hau_train_01401,0.7896460841050883
hau_train_01402,0.6010566857800871
hau_train_01403,0.6795891781321975
hau_train_01404,0.7262109172358575
hau_train_01405,0.7163889980967981
hau_train_01406,0.6949312043146587
hau_train_01407,0.6577818876829891
hau_train_01408,0.6314356869829185
hau_train_01409,0.7044237250316967
hau_train_01410,0.8263448127097459
hau_train_01411,0.6280123191563675
hau_train_01412,0.6487198627539544
hau_train_01413,0.7832793706625376
hau_train_01414,0.7568663587364264
hau_train_01415,0.6779337074313834
hau_train_01416,0.7184249872979303
hau_train_01417,0.7335794414565826
hau_train_01418,0.7519039957655022
hau_train_01419,0.6824853060259706
hau_train_01420,0.6100024535786461
hau_train_01421,0.6919984620781903
hau_train_01422,0.829131690540132
hau_train_01423,0.8098637777860793
hau_train_01424,0.6819514342610721
hau_train_01425,0.8093952103425928
hau_train_01426,0.6748761054935867
hau_train_01427,0.7308554297543296
hau_train_01428,0.561746834952124
hau_train_01429,0.687812490525334
hau_train_01430,0.6734393332183963
hau_train_01431,0.6756315999548246
hau_train_01432,0.5826706937169992
hau_train_01433,0.7299164502068135
hau_train_01434,0.5530507381700396
hau_train_01435,0.7274209802767888
hau_train_01436,0.7421045237877228
hau_train_01437,0.8119578931979333
hau_train_01438,0.5513934657018297
hau_train_01439,0.7163937322022371
hau_train_01440,0.7322571705681595
hau_train_01441,0.7141478503125944
hau_train_01442,0.7341248253291579
hau_train_01443,0.8171452653221734
hau_train_01444,0.7659725106818951
hau_train_01445,0.6512802761401906
hau_train_01446,0.7457554017278949
hau_train_01447,0.7081393913779909
hau_train_01448,0.7332359733105638
hau_train_01449,0.7303432395773767
hau_train_01450,0.693655228811937
hau_train_01451,0.6704988478671728
hau_train_01452,0.5781781178590635
hau_train_01453,0.7530210950043495
hau_train_01454,0.6434945786517536
hau_train_01455,0.5999708576746489
hau_train_01456,0.8415941044647165
hau_train_01457,0.5167345320426804
hau_train_01458,0.4701012263424046
hau_train_01459,0.7655140113984376
hau_train_01460,0.756389111381863
hau_train_01461,0.714380859259637
hau_train_01462,0.6024078315817508
hau_train_01463,0.6974263024204881
hau_train_01464,0.7824775627984775
hau_train_01465,0.6285429418745347
hau_train_01466,0.5930622705042936
hau_train_01467,0.723286240734041
hau_train_01468,0.7487564829771792
hau_train_01469,0.746776517293571
hau_train_01470,0.7601211528829126
hau_train_01471,0.7937496002702581
hau_train_01472,0.5646147146280005
hau_train_01473,0.7538743927434389
hau_train_01474,0.5939309222851241
hau_train_01475,0.6101393429304816
hau_train_01476,0.3992085240067982
hau_train_01477,0.6103677491136545
hau_train_01478,0.6715387979642304
hau_train_01479,0.40441007614180163
hau_train_01480,0.7260067667957236
hau_train_01481,0.7393757954047571
hau_train_01482,0.6184378501258547
hau_train_01483,0.7370888071823929
hau_train_01484,0.8255600281590029
hau_train_01485,0.5652989718460772
hau_train_01486,0.5878310835486735
hau_train_01487,0.72653431206719
hau_train_01488,0.7073909072566973
hau_train_01489,0.5956657727162398
hau_train_01490,0.7059620466953991
hau_train_01491,0.7919285040245011
hau_train_01492,0.7621194279925912
hau_train_01493,0.7500922325910013
hau_train_01494,0.6753026932574027
hau_train_01495,0.7114915827373283
hau_train_01496,0.6360824230204067
hau_train_01497,0.6477085908364918
hau_train_01498,0.7315834490854339
hau_train_01499,0.6369160739557791
hau_train_01500,0.7220367139733559
hau_train_01501,0.8564401072499033
hau_train_01502,0.5649430848432133
hau_train_01503,0.6916263273902903
hau_train_01504,0.7865122491735488
hau_train_01505,0.6100749172231568
hau_train_01506,0.562941554063058
hau_train_01507,0.6764550274111565
hau_train_01508,0.7205938034245528
hau_train_01509,0.6005590707341866
hau_train_01510,0.6996067809907043
hau_train_01511,0.8963149929762757
hau_train_01512,0.6876887056764553
hau_train_01513,0.6668122260813386
hau_train_01514,0.593561062491011
hau_train_01515,0.7108770235600392
hau_train_01516,0.7921032593023853
hau_train_01517,0.7289227560576694
hau_train_01518,0.7347572388753814
hau_train_01519,0.7458235044162423
hau_train_01520,0.7612911920439878
hau_train_01521,0.512207696195834
hau_train_01522,0.7061663084269143
hau_train_01523,0.746782011262199
hau_train_01524,0.7118506418286259
hau_train_01525,0.7066199424262998
hau_train_01526,0.9407223194857016
hau_train_01527,0.559248129231428
hau_train_01528,0.7885800146999787
hau_train_01529,0.7475146880336999
hau_train_01530,0.6965568537135371
hau_train_01531,0.5713839844371575
hau_train_01532,0.7288766592722469
hau_train_01533,0.6612036501536025
hau_train_01534,0.6534934825718766
hau_train_01535,0.4805438620903883
hau_train_01536,0.647190056259891
hau_train_01537,0.7375018165895268
hau_train_01538,0.6996209034563099
hau_train_01539,0.610410358826263
hau_train_01540,0.6155083789207608
hau_train_01541,0.689325432611863
hau_train_01542,0.6444198846052144
hau_train_01543,0.7802125831734543
hau_train_01544,0.5658745177088154
hau_train_01545,0.7256813476974354
hau_train_01546,0.6402059667655201
hau_train_01547,0.6867544900930759
hau_train_01548,0.5952421819183855
hau_train_01549,0.8833250195659963
hau_train_01550,0.8287592986155623
hau_train_01551,0.7315810164320268
hau_train_01552,0.5547968245783839
hau_train_01553,0.6023962180506854
hau_train_01554,0.5867928648398578
hau_train_01555,0.5137623304499849
hau_train_01556,0.7241363317141344
hau_train_01557,0.6152054471002144
hau_train_01558,0.6701295015166734
hau_train_01559,0.7883403819740389
hau_train_01560,0.5090332105837745
hau_train_01561,0.7393448676998422
hau_train_01562,0.8372108184231178
hau_train_01563,0.7101599237208719
hau_train_01564,0.8042681733022764
hau_train_01565,0.7061911013018121
hau_train_01566,0.6081080249165436
hau_train_01567,0.480153764160265
hau_train_01568,0.7381524728784685
hau_train_01569,0.6852244907110407
hau_train_01570,0.7992615229917983
hau_train_01571,0.7894252981971233
hau_train_01572,0.5792056250017676
hau_train_01573,0.583258659906364
hau_train_01574,0.8068065079047514
hau_train_01575,0.7825129087550611
hau_train_01576,0.7762325331044106
hau_train_01577,0.686342663937914
hau_train_01578,0.6068949021290707
hau_train_01579,0.731002746289084
hau_train_01580,0.7068185204433604
hau_train_01581,0.8094489734561632
hau_train_01582,0.7518108264369285
hau_train_01583,0.6905852190938109
hau_train_01584,0.7534586791637388
hau_train_01585,0.7676124206937179
hau_train_01586,0.7226815016697454
hau_train_01587,0.526309630295963
hau_train_01588,0.6539056894016265
hau_train_01589,0.6774962612795343
hau_train_01590,0.6666523346729043
hau_train_01591,0.7228895878291374
hau_train_01592,0.622349911939116
hau_train_01593,0.7051193656544339
hau_train_01594,0.8393224602773917
hau_train_01595,0.6342632934257197
hau_train_01596,0.7355813246770235
hau_train_01597,0.7493099133211104
hau_train_01598,0.7414919566608329
hau_train_01599,0.7367327079746042
hau_train_01600,0.631668002751903
hau_train_01601,0.7568361863934704
hau_train_01602,0.7304061905990762
hau_train_01603,0.6576037953007877
hau_train_01604,0.6870401790359831
hau_train_01605,0.5994243779027991
hau_train_01606,0.6388352144462646
hau_train_01607,0.7136998334833332
hau_train_01608,0.709131558763888
hau_train_01609,0.716812013873325
hau_train_01610,0.6514968332792569
hau_train_01611,0.48793369632713535
hau_train_01612,0.7709876486011653
hau_train_01613,0.5555859959747534
hau_train_01614,0.7242107034611376
hau_train_01615,0.6544809250169238
hau_train_01616,0.67753587452836
hau_train_01617,0.693863586264689
hau_train_01618,0.5655389016210959
hau_train_01619,0.7328211912127045
hau_train_01620,0.7352951393910738
hau_train_01621,0.6852975688585041
hau_train_01622,0.6957761861692104
hau_train_01623,0.7080213868355825
hau_train_01624,0.7605170488765822
hau_train_01625,0.647347906377558
hau_train_01626,0.6805338444701893
hau_train_01627,0.8047775783807354
hau_train_01628,0.824909499199785
hau_train_01629,0.6497786257114472
hau_train_01630,0.6680419742463227
hau_train_01631,0.8496371224985675
hau_train_01632,0.7876318458923186
hau_train_01633,0.7202213403879767
hau_train_01634,0.49316244142315063
hau_train_01635,0.7002606811877046
hau_train_01636,0.7158306021774957
hau_train_01637,0.7526179472240337
hau_train_01638,0.789644264858145
hau_train_01639,0.7757387405716479
hau_train_01640,0.6795371943751323
hau_train_01641,0.76635118541812
hau_train_01642,0.7729587749721117
hau_train_01643,0.6980298022226119
hau_train_01644,0.5581965783372802
hau_train_01645,0.6990931454018998
hau_train_01646,0.7106518375391273
hau_train_01647,0.5512950062041752
hau_train_01648,0.6161087448499086
hau_train_01649,0.6091828127272153
hau_train_01650,0.5926021452616043
hau_train_01651,0.5848854182271777
hau_train_01652,0.8237553337219454
hau_train_01653,0.6930890560621492
hau_train_01654,0.5431821242151786
hau_train_01655,0.7652466917984602
hau_train_01656,0.7327370423569983
hau_train_01657,0.8230545685609074
hau_train_01658,0.7307672492731843
hau_train_01659,0.7385130222363485
hau_train_01660,0.6026642170909742
hau_train_01661,0.749150467994885
hau_train_01662,0.6111321725840225
hau_train_01663,0.7191158575131427
hau_train_01664,0.7042459307951925
hau_train_01665,0.701460191371139
hau_train_01666,0.6384274376062976
hau_train_01667,0.38270592165487816
hau_train_01668,0.7609601407281106
hau_train_01669,0.5996297904314605
hau_train_01670,0.6724897973357011
hau_train_01671,0.6388756839837115
hau_train_01672,0.7071363343839228
hau_train_01673,0.772597831956088
hau_train_01674,0.6634685762888686
hau_train_01675,0.422096960551524
hau_train_01676,0.7129436377481928
hau_train_01677,0.6215257763643978
hau_train_01678,0.8600047955413217
hau_train_01679,0.5778922335968114
hau_train_01680,0.7300448597254996
hau_train_01681,0.7670777832689494
hau_train_01682,0.775637884422343
hau_train_01683,0.5199016047941971
hau_train_01684,0.6380240624910894
hau_train_01685,0.5496803782140856
hau_train_01686,0.8049246798207754
hau_train_01687,0.6499040526231901
hau_train_01688,0.6251435616816472
hau_train_01689,0.6062020870171517
hau_train_01690,0.6207100628659025
hau_train_01691,0.6153983671339603
hau_train_01692,0.676524055486587
hau_train_01693,0.6324739573048273
hau_train_01694,0.7047205460791924
hau_train_01695,0.7555699600341872
hau_train_01696,0.6235720579735365
hau_train_01697,0.646156011509269
hau_train_01698,0.7441716382034347
hau_train_01699,0.6443272774366089
hau_train_01700,0.659832493948564
hau_train_01701,0.8413550407183956
hau_train_01702,0.5140574028704299
hau_train_01703,0.7469530640462958
hau_train_01704,0.6870525935044253
hau_train_01705,0.72250438114674
hau_train_01706,0.8048133080005222
hau_train_01707,0.7573281336405604
hau_train_01708,0.6934707325223266
hau_train_01709,0.5946531597139122
hau_train_01710,0.9429389736962093
hau_train_01711,0.7035846782796017
hau_train_01712,0.6798724528995667
hau_train_01713,0.7053639072513934
hau_train_01714,0.8317425149881352
hau_train_01715,0.7054514039661319
hau_train_01716,0.7222559179095724
hau_train_01717,0.660128397845308
hau_train_01718,0.6100988531031666
hau_train_01719,0.5909995702846174
hau_train_01720,0.720716246716421
hau_train_01721,0.7144807518695349
hau_train_01722,0.7783600718260614
hau_train_01723,0.4989652885486403
hau_train_01724,0.5379797276526119
hau_train_01725,0.6883542383555591
hau_train_01726,0.5993026763530044
hau_train_01727,0.723536680199274
hau_train_01728,0.6118634589750379
hau_train_01729,0.7350871012803746
hau_train_01730,0.7970227322503409
hau_train_01731,0.6931511121383235
hau_train_01732,0.502524995021495
hau_train_01733,0.5205529601935888
hau_train_01734,0.5523613483533283
hau_train_01735,0.641863540278721
hau_train_01736,0.6121494374541929
